<?xml version="1.0" encoding="utf-8" ?><dwsync><file name="lunknepandekager-md.jpg" server="ftp.mabe-kea.dk/f18/" local="3556089358" remote="3599717040" Dst="-1" /><file name="dynryp-md.jpg" server="ftp.mabe-kea.dk/f18/" local="3556089352" remote="3599717040" Dst="-1" /><file name="kaviarpandekager-md.jpg" server="ftp.mabe-kea.dk/f18/" local="3556089354" remote="3599717040" Dst="-1" /><file name="boef-md.jpg" server="ftp.mabe-kea.dk/f18/" local="3556089349" remote="3599717040" Dst="-1" /><file name="bondeboller-md.jpg" server="ftp.mabe-kea.dk/f18/" local="3556089349" remote="3599717040" Dst="-1" /><file name="moldaviskfiskesuppe-md.jpg" server="ftp.mabe-kea.dk/f18/" local="3556089358" remote="3599717040" Dst="-1" /><file name="hvidvin-md.jpg" server="ftp.mabe-kea.dk/f18/" local="3556089354" remote="3599717040" Dst="-1" /><file name="roedvin-md.jpg" server="ftp.mabe-kea.dk/f18/" local="3556089361" remote="3599717040" Dst="-1" /><file name="kartofler-md.jpg" server="ftp.mabe-kea.dk/f18/" local="3556089354" remote="3599717040" Dst="-1" /><file name="mos-rogn-md.jpg" server="ftp.mabe-kea.dk/f18/" local="3556089360" remote="3599717040" Dst="-1" /><file name="ringbroed-md.jpg" server="ftp.mabe-kea.dk/f18/" local="3556089361" remote="3599717040" Dst="-1" /><file name="russisktapas-md.jpg" server="ftp.mabe-kea.dk/f18/" local="3556089362" remote="3599717040" Dst="-1" /><file name="pavlova-md.jpg" server="ftp.mabe-kea.dk/f18/" local="3556089361" remote="3599717040" Dst="-1" /><file name="russisksalat-md.jpg" server="ftp.mabe-kea.dk/f18/" local="3556089362" remote="3599717040" Dst="-1" /><file name="rodbede-cabanossi-md.jpg" server="ftp.mabe-kea.dk/f18/" local="3556089361" remote="3599717040" Dst="-1" /><file name="caviarbruschetta-md.jpg" server="ftp.mabe-kea.dk/f18/" local="3556089350" remote="3599717040" Dst="-1" /><file name="bulgarskbondesuppe-md.jpg" server="ftp.mabe-kea.dk/f18/" local="3556089350" remote="3599717040" Dst="-1" /><file name="bondeplatte-md.jpg" server="ftp.mabe-kea.dk/f18/" local="3556089349" remote="3599717040" Dst="-1" /><file name="syltedeloeg-md.jpg" server="ftp.mabe-kea.dk/f18/" local="3556089362" remote="3599717040" Dst="-1" /><file name="the-md.jpg" server="ftp.mabe-kea.dk/f18/" local="3556089362" remote="3599717040" Dst="-1" /><file name="bochkarev-md.jpg" server="ftp.mabe-kea.dk/f18/" local="3556089349" remote="3599717040" Dst="-1" /><file name="borsjtj-md.jpg" server="ftp.mabe-kea.dk/f18/" local="3556089350" remote="3599717040" Dst="-1" /><file name="kirgisiskroulade-md.jpg" server="ftp.mabe-kea.dk/f18/" local="3556089354" remote="3599717040" Dst="-1" /><file name="voda-md.jpg" server="ftp.mabe-kea.dk/f18/" local="3556089365" remote="3599717040" Dst="-1" /><file name="kaalsuppe-md.jpg" server="ftp.mabe-kea.dk/f18/" local="3556089354" remote="3599717040" Dst="-1" /><file name="cola-md.jpg" server="ftp.mabe-kea.dk/f18/" local="3556089350" remote="3599717040" Dst="-1" /><file name="baltiskbondesuppe-md.jpg" server="ftp.mabe-kea.dk/f18/" local="3556089349" remote="3599717040" Dst="-1" /><file name="groggiroshorn-md.jpg" server="ftp.mabe-kea.dk/f18/" local="3556089354" remote="3599717040" Dst="-1" /><file name="ringbroed-druer-md.jpg" server="ftp.mabe-kea.dk/f18/" local="3556089361" remote="3599717040" Dst="-1" /><file name="guzni-md.jpg" server="ftp.mabe-kea.dk/f18/" local="3556089354" remote="3599717040" Dst="-1" /></dwsync>
